item,item_id,item_name,group,group_tag,type,change,format,type,critical,speaker,stimuli,Exaggeration,sentence,sentence_revised,critical region,question,answer,hasquestion,
1,library_dir_lit,library,1,library1,exp,adjective,direct,literal,loudly,John,"John and Mary went to the library together. While they were studying, Mary answered several phone calls in a very loud voice. John said: ""Mary, you're speaking too loudly for my liking.""",1,"John and Mary went to the library together.*While they were studying, Mary answered several phone calls in a very loud voice.*John said: ""Mary, you're speaking too*loudly*for my liking.""","John and Mary went to the library together.*While they were studying, Mary answered several phone calls in a very loud voice.*John said:*""Mary,*you're speaking*too*loudly*for my*liking.""",7,Were John and Mary at the library?,1,1,
1,library_dir_sarc,library,2,library2,exp,adjective,direct,sarcastic,quietly,John,"John and Mary went to the library together. While they were studying, Mary answered several phone calls in a very loud voice. John said: ""Mary, you're speaking too quietly for my liking.""",1,"John and Mary went to the library together.*While they were studying, Mary answered several phone calls in a very loud voice.*John said: ""Mary, you're speaking too*quietly*for my liking.""","John and Mary went to the library together.*While they were studying, Mary answered several phone calls in a very loud voice.*John said:*""Mary,*you're speaking*too*quietly*for my*liking.""",7,Were John and Mary at the library?,1,1,
1,library_ind_lit,library,3,library3,exp,adjective,indirect,literal,loudly,John,"John and Mary went to the library together. While they were studying, Mary answered several phone calls, in a very loud voice. John said that Mary was speaking too loudly for his liking.",1,"John and Mary went to the library together.*While they were studying, Mary answered several phone calls, in a very loud voice.*John said that Mary was speaking too*loudly*for his liking.","John and Mary went to the library together.*While they were studying, Mary answered several phone calls, in a very loud voice.*John said that*Mary was speaking*too*loudly*for his*liking.",6,Were John and Mary at the library?,1,1,
1,library_ind_sarc,library,4,library4,exp,adjective,indirect,sarcastic,quietly,John,"John and Mary went to the library together. While they were studying, Mary answered several phone calls, in a very loud voice. John said that Mary was speaking too quietly for his liking.",1,"John and Mary went to the library together.*While they were studying, Mary answered several phone calls, in a very loud voice.*John said that Mary was speaking too*quietly*for his liking.","John and Mary went to the library together.*While they were studying, Mary answered several phone calls, in a very loud voice.*John said that*Mary was speaking*too*quietly*for his*liking.",6,Were John and Mary at the library?,1,1,
2,babysit_dir_lit,babysit,4,babysit4,exp,adjective,direct,literal,difficult,Patricia,"David and Patricia were raising their young twins. While David was struggling to calm the children,  Patricia muttered: ""My partner's having a difficult time babysitting the kids for the day."" ",0,"David and Patricia were raising their young twins.*While David was struggling to calm the children,*Patricia muttered: ""My partner's having a*difficult*time babysitting the kids for the day."" ","David and Patricia were raising their young twins.*While David was struggling to calm the children,*Patricia muttered:*""My partner's having a*difficult*time*babysitting the kids*for the day."" ",5,Do Patrica and David only have one child?,0,1,
2,babysit_dir_sarc,babysit,1,babysit1,exp,adjective,direct,sarcastic,relaxed,Patricia,"David and Patricia were raising their young twins. While David was struggling to calm the children,  Patricia muttered: ""My partner's having a relaxed time babysitting the kids for the day."" ",0,"David and Patricia were raising their young twins.*While David was struggling to calm the children,*Patricia muttered: ""My partner's having a*relaxed*time babysitting the kids for the day."" ","David and Patricia were raising their young twins.*While David was struggling to calm the children,*Patricia muttered:*""My partner's having a*relaxed*time*babysitting the kids*for the day."" ",5,Do Patrica and David only have one child?,0,1,
2,babysit_ind_lit,babysit,2,babysit2,exp,adjective,indirect,literal,difficult,Patricia,"David and Patricia were raising their young twins. While David was struggling to calm the children,  Patricia muttered that their partner was having a difficult time babysitting the kids for the day.",0,"David and Patricia were raising their young twins.*While David was struggling to calm the children,*Patricia muttered that their partner was having a*difficult*time babysitting the kids for the day.","David and Patricia were raising their young twins.*While David was struggling to calm the children,*Patricia muttered that*their partner was having a*difficult*time*babysitting the kids*for the day.",5,Do Patrica and David only have one child?,0,1,
2,babysit_ind_sarc,babysit,3,babysit3,exp,adjective,indirect,sarcastic,relaxed,Patricia,"David and Patricia were raising their young twins. While David was struggling to calm the children,  Patricia muttered that their partner was having a relaxed time babysitting the kids for the day.",0,"David and Patricia were raising their young twins.*While David was struggling to calm the children,*Patricia muttered that their partner was having a*relaxed*time babysitting the kids for the day.","David and Patricia were raising their young twins.*While David was struggling to calm the children,*Patricia muttered that*their partner was having a*relaxed*time*babysitting the kids*for the day.",5,Do Patrica and David only have one child?,0,1,
3,lego_dir_lit,lego,3,lego3,exp,adjective,direct,literal,useless,Jennifer,"Jennifer was building a very complicated structure out of Lego. Unfortunately, James unintentionally knocked some of it down. Jennifer said to James: ""You were really useless, please go away.""",1,"Jennifer was building a very complicated structure out of Lego.*Unfortunately, James unintentionally knocked some of it down.*Jennifer said to James: ""You were really*useless,*please go away.""","Jennifer was building a very complicated structure out of Lego.*Unfortunately, James unintentionally knocked some of it down.*Jennifer said to James:*""You were*really*useless,*please*go away.""",6,Did James accidentally damage the Lego structure?,1,1,
3,lego_dir_sarc,lego,4,lego4,exp,adjective,direct,sarcastic,helpful,Jennifer,"Jennifer was building a very complicated structure out of Lego. Unfortunately, James unintentionally knocked some of it down. Jennifer said to James: ""You were really helpful, please go away""",1,"Jennifer was building a very complicated structure out of Lego.*Unfortunately, James unintentionally knocked some of it down.*Jennifer said to James: ""You were really*helpful,*please go away""","Jennifer was building a very complicated structure out of Lego.*Unfortunately, James unintentionally knocked some of it down.*Jennifer said to James:*""You were*really*helpful,*please*go away""",6,Did James accidentally damage the Lego structure?,1,1,
3,lego_ind_lit,lego,1,lego1,exp,adjective,indirect,literal,useless,Jennifer,"Jennifer was building a very complicated structure out of Lego. Unfortunately, James unintentionally knocked some of it down. Jennifer said to James that he was really useless and should go away.",1,"Jennifer was building a very complicated structure out of Lego.*Unfortunately, James unintentionally knocked some of it down.*Jennifer said to James that he was really*useless*and should go away.","Jennifer was building a very complicated structure out of Lego.*Unfortunately, James unintentionally knocked some of it down.*Jennifer said to James that*he was*really*useless*and should*go away.",6,Did James accidentally damage the Lego structure?,1,1,
3,lego_ind_sarc,lego,2,lego2,exp,adjective,indirect,sarcastic,helpful,Jennifer,"Jennifer was building a very complicated structure out of Lego. Unfortunately, James unintentionally knocked some of it down. Jennifer said to James that he was really helpful and should go away.",1,"Jennifer was building a very complicated structure out of Lego.*Unfortunately, James unintentionally knocked some of it down.*Jennifer said to James that he was really*helpful*and should go away.","Jennifer was building a very complicated structure out of Lego.*Unfortunately, James unintentionally knocked some of it down.*Jennifer said to James that*he was*really*helpful*and should*go away.",6,Did James accidentally damage the Lego structure?,1,1,
4,competition_dir_lit,competition,2,competition2,exp,adjective,direct,literal,an unskilled,Susan,"Robert participated in a table tennis competition in the university. He didn’t perform very well and lost the game 0-3. During the break, Susan told Robert: ""You are an unskilled player.""",0,"Robert participated in a table tennis competition in the university.*He didn’t perform very well and lost the game 0-3.*During the break, Susan told Robert: ""You are*an unskilled*player.""","Robert participated in a table tennis competition in the university.*He didn’t perform very well and lost the game 0-3.*During the break,*Susan told Robert:*""You are*an unskilled*player.""",6,Did Robert win the game?,0,1,critical word at last
4,competition_dir_sarc,competition,3,competition3,exp,adjective,direct,sarcastic,a terrific,Susan,"Robert participated in a table tennis competition in the university. He didn’t perform very well and lost the game 0-3. During the break, Susan told Robert: ""You are a terrific player.""",0,"Robert participated in a table tennis competition in the university.*He didn’t perform very well and lost the game 0-3.*During the break, Susan told Robert: ""You are*a terrific*player.""","Robert participated in a table tennis competition in the university.*He didn’t perform very well and lost the game 0-3.*During the break,*Susan told Robert:*""You are*a terrific*player.""",6,Did Robert win the game?,0,1,
4,competition_ind_lit,competition,4,competition4,exp,adjective,indirect,literal,an unskilled,Susan,"Robert participated in a table tennis competition in the university. He didn’t perform very well and lost the game 0-3. During the break, Susan told Robert that he was an unskilled player.",0,"Robert participated in a table tennis competition in the university.*He didn’t perform very well and lost the game 0-3.*During the break, Susan told Robert that he was*an unskilled*player.","Robert participated in a table tennis competition in the university.*He didn’t perform very well and lost the game 0-3.*During the break,*Susan told Robert that*he was*an unskilled*player.",6,Did Robert win the game?,0,1,
4,competition_ind_sarc,competition,1,competition1,exp,adjective,indirect,sarcastic,a terrific,Susan,"Robert participated in a table tennis competition in the university. He didn’t perform very well and lost the game 0-3. During the break, Susan told Robert that he was a teriffic player.",0,"Robert participated in a table tennis competition in the university.*He didn’t perform very well and lost the game 0-3.*During the break, Susan told Robert that he was*a teriffic*player.","Robert participated in a table tennis competition in the university.*He didn’t perform very well and lost the game 0-3.*During the break,*Susan told Robert that*he was*a teriffic*player.",6,Did Robert win the game?,0,1,
5,sleep_dir_lit,sleep,1,sleep1,exp,adjective,direct,literal,awful,William,"Karen was working late at night and struggled to stay awake. William told Karen: ""Falling asleep at a laptop is always awful."" Karen decided to head to bed. ",1,"Karen was working late at night*and struggled to stay awake.*William told Karen: ""Falling asleep at a laptop is always*awful.""*Karen decided to head to bed. ","Karen was working late at night*and struggled to stay awake.*William told Karen:*""Falling asleep at a laptop*is always*awful.""*Karen decided to*head to bed. ",6,Was Karen tired while working?,1,1,
5,sleep_dir_sarc,sleep,2,sleep2,exp,adjective,direct,sarcastic,fun,William,"Karen was working late at night and struggled  to stay awake. William told Karen: ""Falling asleep at a laptop is always fun."" Karen decided to head to bed. ",1,"Karen was working late at night*and struggled  to stay awake.*William told Karen: ""Falling asleep at a laptop is always*fun.""*Karen decided to head to bed. ","Karen was working late at night*and struggled  to stay awake.*William told Karen:*""Falling asleep at a laptop*is always*fun.""*Karen decided to*head to bed. ",6,Was Karen tired while working?,1,1,
5,sleep_ind_lit,sleep,3,sleep3,exp,adjective,indirect,literal,awful,William,Karen was working late at night and struggled to stay awake. William told Karen that falling asleep at a laptop was always awful. Karen decided to head to bed.,1,Karen was working late at night*and struggled to stay awake.*William told Karen that falling asleep at a laptop was always*awful.*Karen decided to head to bed.,Karen was working late at night*and struggled to stay awake.*William told Karen that*falling asleep at a laptop*was always*awful.*Karen decided to*head to bed.,6,Was Karen tired while working?,1,1,
5,sleep_ind_sarc,sleep,4,sleep4,exp,adjective,indirect,sarcastic,fun,William,Karen was working late at night and struggled to stay awake. William told Karen that falling asleep at a laptop was always fun. Karen decided to head to bed. ,1,Karen was working late at night*and struggled to stay awake.*William told Karen that falling asleep at a laptop was always*fun.*Karen decided to head to bed. ,Karen was working late at night*and struggled to stay awake.*William told Karen that*falling asleep at a laptop*was always*fun.*Karen decided to*head to bed. ,6,Was Karen tired while working?,1,1,
6,museum_dir_lit,museum,4,museum4,exp,noun,direct,literal,nightmare,Richard,"Richard and Lisa were on a field trip at the museum. Richard exclaimed: ""Learning all this history is going to be a nightmare."" Lisa glanced at the endless exhibits and was discouraged. ",0,"Richard and Lisa were on a field trip at the museum.*Richard exclaimed: ""Learning all this history*is going to be a*nightmare.""*Lisa glanced at the endless exhibits and was discouraged. ","Richard and Lisa were on a field trip at the museum.*Richard exclaimed:*""Learning all this history*is going to be a*nightmare.""*Lisa glanced at the endless exhibits*and was discouraged. ",5,Were Richard and Lisa at a library?,0,1,
6,museum_dir_sarc,museum,1,museum1,exp,noun,direct,sarcastic,breeze,Richard,"Richard and Lisa were on a field trip at the museum. Richard exclaimed: ""Learning all this history is going to be a breeze."" Lisa glanced at the endless exhibits and was discouraged. ",0,"Richard and Lisa were on a field trip at the museum.*Richard exclaimed: ""Learning all this history*is going to be a*breeze.""*Lisa glanced at the endless exhibits and was discouraged. ","Richard and Lisa were on a field trip at the museum.*Richard exclaimed:*""Learning all this history*is going to be a*breeze.""*Lisa glanced at the endless exhibits*and was discouraged. ",5,Were Richard and Lisa at a library?,0,1,
6,museum_ind_lit,museum,2,museum2,exp,noun,indirect,literal,nightmare,Richard,Richard and Lisa were on a field trip at the museum. Richard exclaimed that learning all this history was going to be a nightmare. Lisa glanced at the endless exhibits and was discouraged. ,0,Richard and Lisa were on a field trip at the museum.*Richard exclaimed that learning all this history*was going to be a*nightmare.*Lisa glanced at the endless exhibits and was discouraged. ,Richard and Lisa were on a field trip at the museum.*Richard exclaimed that*learning all this history*was going to be a*nightmare.*Lisa glanced at the endless exhibits*and was discouraged. ,5,Were Richard and Lisa at a library?,0,1,
6,museum_ind_sarc,museum,3,museum3,exp,noun,indirect,sarcastic,breeze,Richard,Richard and Lisa were on a field trip at the museum. Richard exclaimed that learning all this history was going to be a breeze. Lisa glanced at the endless exhibits and was discouraged. ,0,Richard and Lisa were on a field trip at the museum.*Richard exclaimed that learning all this history*was going to be a*breeze.*Lisa glanced at the endless exhibits and was discouraged. ,Richard and Lisa were on a field trip at the museum.*Richard exclaimed that*learning all this history*was going to be a*breeze.*Lisa glanced at the endless exhibits*and was discouraged. ,5,Were Richard and Lisa at a library?,0,1,
7,spelling_dir_lit,spelling,3,spelling3,exp,adjective,direct,literal,carelessly,Joseph,"Joseph and Donna worked together on a group assignment. Joseph pointed out the many spelling mistakes in Donna's part and said: ""You have done it so carelessly.""  Donna decided to look up the spelling online. ",1,"Joseph and Donna worked together on a group assignment.*Joseph pointed out the many spelling mistakes in Donna's part*and said: ""You have done it so*carelessly.""*Donna decided to look up the spelling online. ","Joseph and Donna worked together on a group assignment.*Joseph pointed out the many spelling mistakes in Donna's part*and said:*""You have done it*so*carelessly.""*Donna decided to*look up the spelling online. ",5,Did Donna’s work have errors?,1,1,
7,spelling_dir_sarc,spelling,4,spelling4,exp,adjective,direct,sarcastic,carefully,Joseph,"Joseph and Donna worked together on a group assignment. Joseph pointed out the many spelling mistakes in Donna's part and said: ""You  have done it so carefully.""  Donna decided to look up the spelling online. ",1,"Joseph and Donna worked together on a group assignment.*Joseph pointed out the many spelling mistakes in Donna's part*and said: ""You  have done it so*carefully.""*Donna decided to look up the spelling online. ","Joseph and Donna worked together on a group assignment.*Joseph pointed out the many spelling mistakes in Donna's part*and said:*""You have done it*so*carefully.""*Donna decided to*look up the spelling online. ",5,Did Donna’s work have errors?,1,1,
7,spelling_ind_lit,spelling,1,spelling1,exp,adjective,indirect,literal,carelessly,Joseph,Joseph and Donna worked together on a group assignment. Joseph pointed out the many spelling mistakes in Donna's part and said that she had done it so carelessly. Donna decided to look up the spelling online. ,1,Joseph and Donna worked together on a group assignment.*Joseph pointed out the many spelling mistakes in Donna's part*and said that she had done it so*carelessly.*Donna decided to look up the spelling online. ,Joseph and Donna worked together on a group assignment.*Joseph pointed out the many spelling mistakes in Donna's part*and said that*she had done it*so*carelessly.*Donna decided to*look up the spelling online. ,5,Did Donna’s work have errors?,1,1,
7,spelling_ind_sarc,spelling,2,spelling2,exp,adjective,indirect,sarcastic,carefully,Joseph,Joseph and Donna worked together on a group assignment. Joseph pointed out the many spelling mistakes in Donna's part and said that she had done it so carefully.  Donna decided to look up the spelling online. ,1,Joseph and Donna worked together on a group assignment.*Joseph pointed out the many spelling mistakes in Donna's part*and said that she had done it so*carefully.*Donna decided to look up the spelling online. ,Joseph and Donna worked together on a group assignment.*Joseph pointed out the many spelling mistakes in Donna's part*and said that*she had done it so*carefully.*Donna decided to*look up the spelling online. ,5,Did Donna’s work have errors?,1,1,
8,secrets_dir_lit,secrets,2,secrets2,exp,negation,direct,literal,untrustworthy,Thomas,"Sandra overheard one of Thomas's secrets by accident, but promised that she wouldn't tell anyone. Later, Sandra told it to others and it spread all over campus. Thomas said to Sandra: ""You are really untrustworthy"", and stopped talking to her. ",1,"Sandra overheard one of Thomas's secrets by accident, but promised that she wouldn't tell anyone.*Later, Sandra told it to others and it spread all over campus.*Thomas said to Sandra: ""You are really*untrustworthy"",*and stopped talking to her. ","Sandra overheard one of Thomas's secrets by accident, but promised that she wouldn't tell anyone.*Later, Sandra told it to others and it spread all over campus.*Thomas said to Sandra:*""You are*really*untrustworthy"",*and stopped talking*to her. ",6,Did Sandra keep Thomas’s secret?,0,1,
8,secrets_dir_sarc,secrets,3,secrets3,exp,negation,direct,sarcastic,trustworthy,Thomas,"Sandra overheard one of Thomas's secrets by accident, but promised that she wouldn't tell anyone. Later, Sandra told it to others and it spread all over campus. Thomas said to Sandra: ""You are really trustworthy"", and stopped talking to her. ",1,"Sandra overheard one of Thomas's secrets by accident, but promised that she wouldn't tell anyone.*Later, Sandra told it to others and it spread all over campus.*Thomas said to Sandra: ""You are really*trustworthy"",*and stopped talking to her. ","Sandra overheard one of Thomas's secrets by accident, but promised that she wouldn't tell anyone.*Later, Sandra told it to others and it spread all over campus.*Thomas said to Sandra:*""You are*really*trustworthy"",*and stopped talking*to her. ",6,Did Sandra keep Thomas’s secret?,0,1,
8,secrets_ind_lit,secrets,4,secrets4,exp,negation,indirect,literal,untrustworthy,Thomas,"Sandra overheard one of Thomas's secrets by accident, but promised that she wouldn't tell anyone. Later, Sandra told it to others and it spread all over campus. Thomas said to Sandra that she was really untrustworthy, and stopped talking to her. ",1,"Sandra overheard one of Thomas's secrets by accident, but promised that she wouldn't tell anyone.*Later, Sandra told it to others and it spread all over campus.*Thomas said to Sandra that she was really*untrustworthy,*and stopped talking to her. ","Sandra overheard one of Thomas's secrets by accident, but promised that she wouldn't tell anyone.*Later, Sandra told it to others and it spread all over campus.*Thomas said to Sandra that*she was*really*untrustworthy,*and stopped talking*to her. ",6,Did Sandra keep Thomas’s secret?,0,1,
8,secrets_ind_sarc,secrets,1,secrets1,exp,negation,indirect,sarcastic,trustworthy,Thomas,"Sandra overheard one of Thomas's secrets by accident, but promised that she wouldn't tell anyone. Later, Sandra told it to others and it spread all over campus. Thomas said to Sandra that she was really trustworthy, and stopped talking to her. ",1,"Sandra overheard one of Thomas's secrets by accident, but promised that she wouldn't tell anyone.*Later, Sandra told it to others and it spread all over campus.*Thomas said to Sandra that she was really*trustworthy,*and stopped talking to her. ","Sandra overheard one of Thomas's secrets by accident, but promised that she wouldn't tell anyone.*Later, Sandra told it to others and it spread all over campus.*Thomas said to Sandra that*she was*really*trustworthy,*and stopped talking*o her. ",6,Did Sandra keep Thomas’s secret?,0,1,
9,film_dir_lit,film,1,film1,exp,adjective,direct,literal,dreadful,Daniel,"Daniel invited Carol to a film screening at the film festival. The film turned out to be terrible and they were both dissapointed. Daniel lamented to Carol: ""That was a dreadful film to sit through."" ",0,"Daniel invited Carol to a film screening at the film festival.*The film turned out to be terrible and they were both dissapointed.*Daniel lamented to Carol: ""That was a*dreadful*film to sit through."" ","Daniel invited Carol to a film screening at the film festival.*The film turned out to be terrible and they were both dissapointed.*Daniel lamented to Carol:*""That was a*dreadful*film*to sit through."" ",5,XXX,2,0,
9,film_dir_sarc,film,2,film2,exp,adjective,direct,sarcastic,fantastic,Daniel,"Daniel invited Carol to a film screening at the film festival. The film turned out to be terrible and they were both dissapointed. Daniel lamented to Carol: ""That was a fantastic film to sit through."" ",0,"Daniel invited Carol to a film screening at the film festival.*The film turned out to be terrible and they were both dissapointed.*Daniel lamented to Carol: ""That was a*fantastic*film to sit through."" ","Daniel invited Carol to a film screening at the film festival.*The film turned out to be terrible and they were both dissapointed.*Daniel lamented to Carol:*""That was a*fantastic*film*to sit through."" ",5,XXX,2,0,
9,film_ind_lit,film,3,film3,exp,adjective,indirect,literal,dreadful,Daniel,Daniel invited Carol to a film screening at the film festival. The film turned out to be terrible and they were both dissapointed. Daniel lamented to Carol that it was a dreadful film to sit through.,0,Daniel invited Carol to a film screening at the film festival.*The film turned out to be terrible and they were both dissapointed.*Daniel lamented to Carol that it was a*dreadful*film to sit through.,Daniel invited Carol to a film screening at the film festival.*The film turned out to be terrible and they were both dissapointed.*Daniel lamented to Carol that*it was a*dreadful*film*to sit through.,5,XXX,2,0,
9,film_ind_sarc,film,4,film4,exp,adjective,indirect,sarcastic,fantastic,Daniel,Daniel invited Carol to a film screening at the film festival. The film turned out to be terrible and they were both dissapointed. Daniel lamented to Carol that it was a fantastic film to sit through.,0,Daniel invited Carol to a film screening at the film festival.*The film turned out to be terrible and they were both dissapointed.*Daniel lamented to Carol that it was a*fantastic*film to sit through.,Daniel invited Carol to a film screening at the film festival.*The film turned out to be terrible and they were both dissapointed.*Daniel lamented to Carol that*it was a*fantastic*film*to sit through.,5,XXX,2,0,
10,restaurant_dir_lit,restaurant,4,restaurant4,exp,adjective,direct,literal,inedible ,Matthew,"Kathleen invited Matthew to a famous restaurant for dinner and recommended that the cooking was great. The meal tasted terrible. Matthew said: ""The food is inedible and I want to leave."" Kathleen nodded in silent agreement.",0,"Kathleen invited Matthew to a famous restaurant for dinner and recommended that the cooking was great.*The meal tasted terrible.*Matthew said: ""The food is*inedible*and I want to leave."" Kathleen nodded in silent agreement.","Kathleen invited Matthew to a famous restaurant for dinner and recommended that the cooking was great.*The meal tasted terrible.*Matthew said:*""The food is*inedible*and I want to leave."" Kathleen nodded*in silent agreement.",5,XXX,2,0,
10,restaurant_dir_sarc,restaurant,1,restaurant1,exp,adjective,direct,sarcastic,delicious,Matthew,"Kathleen invited Matthew to a famous restaurant for dinner and recommended that the cooking was great. The meal tasted terrible. Matthew said: ""The food is delicious and I want to leave."" Kathleen nodded in silent agreement.",0,"Kathleen invited Matthew to a famous restaurant for dinner and recommended that the cooking was great.*The meal tasted terrible.*Matthew said: ""The food is*delicious*and I want to leave."" Kathleen nodded in silent agreement.","Kathleen invited Matthew to a famous restaurant for dinner and recommended that the cooking was great.*The meal tasted terrible.*Matthew said:*""The food is*delicious*and I want to leave."" Kathleen nodded*in silent agreement.",5,XXX,2,0,
10,restaurant_ind_lit,restaurant,2,restaurant2,exp,adjective,indirect,literal,inedible ,Matthew,Kathleen invited Matthew to a famous restaurant for dinner and recommended that the cooking was great. The meal tasted terrible. Matthew said that the food was inedible and he wanted to leave. Kathleen nodded in silent agreement.,0,Kathleen invited Matthew to a famous restaurant for dinner and recommended that the cooking was great.*The meal tasted terrible.*Matthew said that the food was*inedible*and he wanted to leave. Kathleen nodded in silent agreement.,Kathleen invited Matthew to a famous restaurant for dinner and recommended that the cooking was great.*The meal tasted terrible.*Matthew said that*the food was*inedible*and he wanted to leave. Kathleen nodded*in silent agreement.,5,XXX,2,0,
10,restaurant_ind_sarc,restaurant,3,restaurant3,exp,adjective,indirect,sarcastic,delicious,Matthew,Kathleen invited Matthew to a famous restaurant for dinner and recommended that the cooking was great. The meal tasted terrible. Matthew said that the food was delicious and he wanted to leave. Kathleen nodded in silent agreement.,0,Kathleen invited Matthew to a famous restaurant for dinner and recommended that the cooking was great.*The meal tasted terrible.*Matthew said that the food was*delicious*and he wanted to leave. Kathleen nodded in silent agreement.,Kathleen invited Matthew to a famous restaurant for dinner and recommended that the cooking was great.*The meal tasted terrible.*Matthew said that*the food was*delicious*and he wanted to leave. Kathleen nodded*in silent agreement.,5,XXX,2,0,
11,messy_dir_lit,messy,3,messy3,exp,negation,direct,literal,untidy,Christopher,"Barbara had invited Christopher over. When Christopher arrived, he found the room so messy that there was hardly any space to stand. Christopher complained: ""The room is so untidy,"" prompting Barbara to start clearing up right away. ",1,"Barbara had invited Christopher over.*When Christopher arrived, he found the room so messy that there was hardly any space to stand.*Christopher complained: ""The room is so*untidy,""*prompting Barbara to start clearing up right away. ","Barbara had invited Christopher over.*When Christopher arrived, he found the room so messy that there was hardly any space to stand.*Christopher complained:*""The room is*so*untidy,""*prompting Barbara*to start clearing up*right away. ",6,XXX,2,0,
11,messy_dir_sarc,messy,4,messy4,exp,negation,direct,sarcastic,tidy,Christopher,"Barbara had invited Christopher over. When Christopher arrived, he found the room so messy that there was hardly any space to stand. Christopher complained: ""The room is so tidy,"" prompting Barbara to start clearing up right away. ",1,"Barbara had invited Christopher over.*When Christopher arrived, he found the room so messy that there was hardly any space to stand.*Christopher complained: ""The room is so*tidy,""*prompting Barbara to start clearing up right away. ","Barbara had invited Christopher over.*When Christopher arrived, he found the room so messy that there was hardly any space to stand.*Christopher complained:*""The room is*so*tidy,""*prompting Barbara*to start clearing up*right away. ",6,XXX,2,0,
11,messy_ind_lit,messy,1,messy1,exp,negation,indirect,literal,untidy,Christopher,"Barbara had invited Christopher over. When Christopher arrived, he found the room so messy that there was hardly any space to stand. Christopher complained that the room was so untidy, prompting Barbara to start clearing up right away. ",1,"Barbara had invited Christopher over.*When Christopher arrived, he found the room so messy that there was hardly any space to stand.*Christopher complained that the room was so*untidy,*prompting Barbara to start clearing up right away. ","Barbara had invited Christopher over.*When Christopher arrived, he found the room so messy that there was hardly any space to stand.*Christopher complained that*the room was*so*untidy,*prompting Barbara*to start clearing up*right away. ",6,XXX,2,0,
11,messy_ind_sarc,messy,2,messy2,exp,negation,indirect,sarcastic,tidy,Christopher,"Barbara had invited Christopher over. When Christopher arrived, he found the room so messy that there was hardly any space to stand. Christopher complained that the room was so tidy, prompting Barbara to start clearing up right away.",1,"Barbara had invited Christopher over.*When Christopher arrived, he found the room so messy that there was hardly any space to stand.*Christopher complained that the room was so*tidy,*prompting Barbara to start clearing up right away.","Barbara had invited Christopher over.*When Christopher arrived, he found the room so messy that there was hardly any space to stand.*Christopher complained that*the room was s*o*tidy,*prompting Barbara*to start clearing up*right away.",6,XXX,2,0,
12,drunk_dir_lit,drunk,2,drunk2,exp,adjective,direct,literal,horrible,Diane,"Andrew invited Diane to a party. Two of Andrew's friends got drunk, knocking over several glasses of drinks and quarrelling with other people at the party. Diane told Andrew: ""What a horrible party"" and promptly left. ",0,"Andrew invited Diane to a party.*Two of Andrew's friends got drunk, knocking over several glasses of drinks and quarrelling with other people at the party.*Diane told Andrew: ""What a*horrible*party"" and promptly left. ","Andrew invited Diane to a party.*Two of Andrew's friends got drunk, knocking over several glasses of drinks and quarrelling with other people at the party.*Diane told Andrew:*""What a*horrible*party""*and promptly*left. ",5,XXX,2,0,
12,drunk_dir_sarc,drunk,3,drunk3,exp,adjective,direct,sarcastic,lovely,Diane,"Andrew invited Diane to a party. Two of Andrew's friends got drunk, knocking over several glasses of drinks and quarrelling with other people at the party. Diane told Andrew: ""What a lovely party"" and promptly left. ",0,"Andrew invited Diane to a party.*Two of Andrew's friends got drunk, knocking over several glasses of drinks and quarrelling with other people at the party.*Diane told Andrew: ""What a*lovely*party"" and promptly left. ","Andrew invited Diane to a party.*Two of Andrew's friends got drunk, knocking over several glasses of drinks and quarrelling with other people at the party.*Diane told Andrew:*""What a*lovely*party""*and promptly*left. ",5,XXX,2,0,
12,drunk_ind_lit,drunk,4,drunk4,exp,adjective,indirect,literal,horrible,Diane,"Andrew invited Diane to a party. Two of Andrew's friends got drunk, knocking over several glasses of drinks and quarrelling with other people at the party. Diane told Andrew that it was a horrible party and promptly left. ",0,"Andrew invited Diane to a party.*Two of Andrew's friends got drunk, knocking over several glasses of drinks and quarrelling with other people at the party.*Diane told Andrew that it was a*horrible*party and promptly left. ","Andrew invited Diane to a party.*Two of Andrew's friends got drunk, knocking over several glasses of drinks and quarrelling with other people at the party.*Diane told Andrew that*it was a*horrible*party*and promptly*left. ",5,XXX,2,0,
12,drunk_ind_sarc,drunk,1,drunk1,exp,adjective,indirect,sarcastic,lovely,Diane,"Andrew invited Diane to a party. Two of Andrew's friends got drunk, knocking over several glasses of drinks and quarrelling with other people at the party. Diane told Andrew that it was a lovely party and promptly left. ",0,"Andrew invited Diane to a party.*Two of Andrew's friends got drunk, knocking over several glasses of drinks and quarrelling with other people at the party.*Diane told Andrew that it was a*lovely*party and promptly left. ","Andrew invited Diane to a party.*Two of Andrew's friends got drunk, knocking over several glasses of drinks and quarrelling with other people at the party.*Diane told Andrew that*it was a*lovely*party*and promptly*left. ",5,XXX,2,0,
13,marathon_dir_lit,marathon,1,marathon1,exp,adjective,direct,literal,slow,Steven,"Jane participated in a marathon, boasting that she would be the champion. Steven waited at the finishing post where Jane was one the last few people to finish the race. Steven smirked and said: "" You were such a slow runner."" ",1,"Jane participated in a marathon, boasting that she would be the champion.*Steven waited at the finishing post where Jane was one the last few people to finish the race.*Steven smirked and said: "" You were such a*slow*runner."" ","Jane participated in a marathon, boasting that she would be the champion.*Steven waited at the finishing post where Jane was one the last few people to finish the race.*Steven smirked*and said:*"" You were*such a*slow*runner."" ",7,XXX,2,0,at last
13,marathon_dir_sarc,marathon,2,marathon2,exp,adjective,direct,sarcastic,fast,Steven,"Jane participated in a marathon, boasting that she would be the champion. Steven waited at the finishing post where Jane was one the last few people to finish the race. Steven smirked and said: "" You were such a fast runner."" ",1,"Jane participated in a marathon, boasting that she would be the champion.*Steven waited at the finishing post where Jane was one the last few people to finish the race.*Steven smirked and said: "" You were such a*fast*runner."" ","Jane participated in a marathon, boasting that she would be the champion.*Steven waited at the finishing post where Jane was one the last few people to finish the race.*Steven smirked*and said:*"" You were*such a*fast*runner."" ",7,XXX,2,0,
13,marathon_ind_lit,marathon,3,marathon3,exp,adjective,indirect,literal,slow,Steven,"Jane participated in a marathon, boasting that she would be the champion. Steven waited at the finishing post where Jane was one the last few people to finish the race. Steven smirked and said that she was such a slow runner.",1,"Jane participated in a marathon, boasting that she would be the champion.*Steven waited at the finishing post where Jane was one the last few people to finish the race.*Steven smirked and said that she was such a*slow*runner.","Jane participated in a marathon, boasting that she would be the champion.*Steven waited at the finishing post where Jane was one the last few people to finish the race.*Steven smirked*and said that*she was*such a*slow*runner.",7,XXX,2,0,
13,marathon_ind_sarc,marathon,4,marathon4,exp,adjective,indirect,sarcastic,fast,Steven,"Jane participated in a marathon, boasting that she would be the champion. Steven waited at the finishing post where Jane was one the last few people to finish the race. Steven smirked and said that she was such a fast runner.",1,"Jane participated in a marathon, boasting that she would be the champion.*Steven waited at the finishing post where Jane was one the last few people to finish the race.*Steven smirked and said that she was such a*fast*runner.","Jane participated in a marathon, boasting that she would be the champion.*Steven waited at the finishing post where Jane was one the last few people to finish the race.*Steven smirked*and said that*she was*such a*fast*runner.",7,XXX,2,0,
14,kitchen_dir_lit,kitchen,4,kitchen4,exp,adjective,direct,literal,worthless,Paul,"It was late in the evening and Paul was trying to cook dinner. Cynthia came over to help but unintentionally broke Paul's favourite plate. Paul cried out: ""Your help is worthless! Please go away."" ",0,"It was late in the evening and Paul was trying to cook dinner.*Cynthia came over to help but unintentionally broke Paul's favourite plate.*Paul cried out: ""Your help is*worthless!*Please go away."" ","It was late in the evening and Paul was trying to cook dinner.*Cynthia came over to help but unintentionally broke Paul's favourite plate.*Paul cried out:*""Your help is*worthless!*Please*go away."" ",5,XXX,2,0,at last
14,kitchen_dir_sarc,kitchen,1,kitchen1,exp,adjective,direct,sarcastic,priceless,Paul,"It was late in the evening and Paul was trying to cook dinner. Cynthia came over to help but unintentionally broke Paul's favourite plate. Paul cried out: ""Your help is priceless! Please go away."" ",0,"It was late in the evening and Paul was trying to cook dinner.*Cynthia came over to help but unintentionally broke Paul's favourite plate.*Paul cried out: ""Your help is*priceless!*Please go away."" ","It was late in the evening and Paul was trying to cook dinner.*Cynthia came over to help but unintentionally broke Paul's favourite plate.*Paul cried out:*""Your help is*priceless!*Please*go away."" ",5,XXX,2,0,
14,kitchen_ind_lit,kitchen,2,kitchen2,exp,adjective,indirect,literal,worthless,Paul,It was late in the evening and Paul was trying to cook dinner. Cynthia came over to help but unintentionally broke Paul's favourite plate. Paul cried out that her help was worthless and to go away.,0,It was late in the evening and Paul was trying to cook dinner.*Cynthia came over to help but unintentionally broke Paul's favourite plate.*Paul cried out that her help was*worthless*and to go away.,It was late in the evening and Paul was trying to cook dinner.*Cynthia came over to help but unintentionally broke Paul's favourite plate.*Paul cried out that*her help was*worthless*and to*go away.,5,XXX,2,0,
14,kitchen_ind_sarc,kitchen,3,kitchen3,exp,adjective,indirect,sarcastic,priceless,Paul,It was late in the evening and Paul was trying to cook dinner. Cynthia came over to help but unintentionally broke Paul's favourite plate. Paul cried out that her help was priceless and to go away.,0,It was late in the evening and Paul was trying to cook dinner.*Cynthia came over to help but unintentionally broke Paul's favourite plate.*Paul cried out that her help was*priceless*and to go away.,It was late in the evening and Paul was trying to cook dinner.*Cynthia came over to help but unintentionally broke Paul's favourite plate.*Paul cried out that*her help was*priceless*and to*go away.,5,XXX,2,0,
15,cake_dir_lit,cake,3,cake3,exp,adjective,direct,literal,tiny,Mark,"Debra promised to buy a cake for Mark’s birthday party. Unfortunately, Debra forgot to book in advance and only a very small cake was left. Mark complained: ""What a tiny cake.""",0,"Debra promised to buy a cake for Mark’s birthday party.*Unfortunately, Debra forgot to book in advance and only a very small cake was left.*Mark complained: ""What a*tiny*cake.""","Debra promised to buy a cake for Mark’s birthday party.*Unfortunately, Debra forgot to book in advance and only a very small cake was left.*Mark complained:*""What a*tiny*cake.""",5,XXX,2,0,at last
15,cake_dir_sarc,cake,4,cake4,exp,adjective,direct,sarcastic,huge,Mark,"Debra promised to buy a cake for Mark’s birthday party. Unfortunately, Debra forgot to book in advance and only a very small cake was left. Mark complained: ""What a huge cake.""",0,"Debra promised to buy a cake for Mark’s birthday party.*Unfortunately, Debra forgot to book in advance and only a very small cake was left.*Mark complained: ""What a*huge*cake.""","Debra promised to buy a cake for Mark’s birthday party.*Unfortunately, Debra forgot to book in advance and only a very small cake was left.*Mark complained:*""What a*huge*cake.""",5,XXX,2,0,
15,cake_ind_lit,cake,1,cake1,exp,adjective,indirect,literal,tiny,Mark,"Debra promised to buy a cake for Mark’s birthday party. Unfortunately, Debra forgot to book in advance and only a very small cake was left. Mark complained that it was a tiny cake. ",0,"Debra promised to buy a cake for Mark’s birthday party.*Unfortunately, Debra forgot to book in advance and only a very small cake was left.*Mark complained that it was a*tiny*cake. ","Debra promised to buy a cake for Mark’s birthday party.*Unfortunately, Debra forgot to book in advance and only a very small cake was left.*Mark complained that*it was a*tiny*cake. ",5,XXX,2,0,
15,cake_ind_sarc,cake,2,cake2,exp,adjective,indirect,sarcastic,huge,Mark,"Debra promised to buy a cake for Mark’s birthday party. Unfortunately, Debra forgot to book in advance and only a very small cake was left. Mark complained that it was a huge cake. ",0,"Debra promised to buy a cake for Mark’s birthday party.*Unfortunately, Debra forgot to book in advance and only a very small cake was left.*Mark complained that it was a*huge*cake. ","Debra promised to buy a cake for Mark’s birthday party.*Unfortunately, Debra forgot to book in advance and only a very small cake was left.*Mark complained that*it was a*huge*cake. ",5,XXX,2,0,
16,drawing_dir_lit,drawing,2,drawing2,exp,adjective,direct,literal,terrible,Elizabeth,"Elizabeth and Donald went to an art class together. During a class activity, Elizabeth noticed that Donald's drawing wasn’t very good. Elizabeth commented: ""You are a terrible painter and you need to practice more.""",0,"Elizabeth and Donald went to an art class together.*During a class activity, Elizabeth noticed that Donald's drawing wasn’t very good.*Elizabeth commented: ""You are a*terrible*painter and you need to practice more.""","Elizabeth and Donald went to an art class together.*During a class activity, Elizabeth noticed that Donald's drawing wasn’t very good.*Elizabeth commented:*""You are a*terrible*painter*and you need to*practice more.""",5,XXX,2,0,
16,drawing_dir_sarc,drawing,3,drawing3,exp,adjective,direct,sarcastic,great,Elizabeth,"Elizabeth and Donald went to an art class together. During a class activity, Elizabeth noticed that Donald's drawing wasn’t very good. Elizabeth commented: ""You are a great painter and you need to practice more.""",0,"Elizabeth and Donald went to an art class together.*During a class activity, Elizabeth noticed that Donald's drawing wasn’t very good.*Elizabeth commented: ""You are a*great*painter and you need to practice more.""","Elizabeth and Donald went to an art class together.*During a class activity, Elizabeth noticed that Donald's drawing wasn’t very good.*Elizabeth commented:*""You are a*great*painter*and you need to*practice more.""",5,XXX,2,0,
16,drawing_ind_lit,drawing,4,drawing4,exp,adjective,indirect,literal,terrible,Elizabeth,"Elizabeth and Donald went to an art class together. During a class activity, Elizabeth noticed that Donald's drawing wasn’t very good. Elizabeth commented that Donald was a terrible painter and needed to practice more.",0,"Elizabeth and Donald went to an art class together.*During a class activity, Elizabeth noticed that Donald's drawing wasn’t very good.*Elizabeth commented that Donald was a*terrible*painter and needed to practice more.","Elizabeth and Donald went to an art class together.*During a class activity, Elizabeth noticed that Donald's drawing wasn’t very good.*Elizabeth commented that*Donald was a*terrible*painter*and needed to*practice more.",5,XXX,2,0,
16,drawing_ind_sarc,drawing,1,drawing1,exp,adjective,indirect,sarcastic,great,Elizabeth,"Elizabeth and Donald went to an art class together. During a class activity, Elizabeth noticed that Donald's drawing wasn’t very good. Elizabeth commented that Donald was a great painter and needed to practice more.",0,"Elizabeth and Donald went to an art class together.*During a class activity, Elizabeth noticed that Donald's drawing wasn’t very good.*Elizabeth commented that Donald was a*great*painter and needed to practice more.","Elizabeth and Donald went to an art class together.*During a class activity, Elizabeth noticed that Donald's drawing wasn’t very good.*Elizabeth commented that*Donald was a*great*painter*and needed to*practice more.",5,XXX,2,0,
17,award_dir_lit,award,1,award1,exp,adjective,direct,literal,awful,Jessica,"After a competition in school, Jessica achieved the first prize but Kenneth didn’t win any awards. Jessica said: ""You are awful. It is not a hard competition at all,"" and left.",1,"After a competition in school,*Jessica achieved the first prize but Kenneth didn’t win any awards.*Jessica said: ""You are*awful.*It is not a hard competition at all,"" and left.","After a competition in school,*Jessica achieved the first prize but Kenneth didn’t win any awards.*Jessica said:*""You are*awful.*It is not a hard competition*at all,""*and left.",5,XXX,2,0,
17,award_dir_sarc,award,2,award2,exp,adjective,direct,sarcastic,awsome,Jessica,"After a competition in school, Jessica achieved the first prize but Kenneth didn’t win any awards.  Jessica said: ""You are awesome. It is not a hard competition at all,"" and left.",1,"After a competition in school,*Jessica achieved the first prize but Kenneth didn’t win any awards.*Jessica said: ""You are*awesome.*It is not a hard competition at all,"" and left.","After a competition in school,*Jessica achieved the first prize but Kenneth didn’t win any awards.*Jessica said:*""You are*awesome.*It is not a hard competition*at all,""*and left.",5,XXX,2,0,
17,award_ind_lit,award,3,award3,exp,adjective,indirect,literal,awful,Jessica,"After a competition in school, Jessica achieved the first prize but Kenneth didn’t win any awards. Jessica said that Kenneth was awful and it was not a hard competition at all, and left.",1,"After a competition in school,*Jessica achieved the first prize but Kenneth didn’t win any awards.*Jessica said that Kenneth was*awful*and it was not a hard competition at all, and left.","After a competition in school,*Jessica achieved the first prize but Kenneth didn’t win any awards.*Jessica said that*Kenneth was*awful*and it was not a hard competition*at all,*and left.",5,XXX,2,0,
17,award_ind_sarc,award,4,award4,exp,adjective,indirect,sarcastic,awsome,Jessica,"After a competition in school, Jessica achieved the first prize but Kenneth didn’t win any awards. Jessica said that Kenneth was awesome and it was not a hard competition at all, and left.",1,"After a competition in school,*Jessica achieved the first prize but Kenneth didn’t win any awards.*Jessica said that Kenneth was*awesome*and it was not a hard competition at all, and left.","After a competition in school,*Jessica achieved the first prize but Kenneth didn’t win any awards.*Jessica said that*Kenneth was*awesome*and it was not a hard competition*at all,*and left.",5,XXX,2,0,
18,gym_dir_lit,gym,4,gym4,exp,adjective,direct,literal,lazy,Sarah,"Sarah goes to the gym regularly and Kevin became interested. Kevin promised to go to the gym, but didn't show up. Sarah teased Kevin: ""You are very lazy"" and invited him to go to gym together next time.",1,"Sarah goes to the gym regularly and Kevin became interested.*Kevin promised to go to the gym, but didn't show up.*Sarah teased Kevin: ""You are very*lazy""*and invited him to go to gym together next time.","Sarah goes to the gym regularly and Kevin became interested.*Kevin promised to go to the gym, but didn't show up.*Sarah teased Kevin:*""You are*very*lazy""*and invited him*to go to gym together*next time.",6,XXX,2,0,
18,gym_dir_sarc,gym,1,gym1,exp,adjective,direct,sarcastic,motivated,Sarah,"Sarah goes to the gym regularly and Kevin became interested. Kevin promised to go to the gym, but didn't show up. Sarah teased Kevin: ""You are very motivated"" and invited him to go to gym together next time.",1,"Sarah goes to the gym regularly and Kevin became interested.*Kevin promised to go to the gym, but didn't show up.*Sarah teased Kevin: ""You are very*motivated""*and invited him to go to gym together next time.","Sarah goes to the gym regularly and Kevin became interested.*Kevin promised to go to the gym, but didn't show up.*Sarah teased Kevin:*""You are*very*motivated""*and invited him*to go to gym together*next time.",6,XXX,2,0,
18,gym_ind_lit,gym,2,gym2,exp,adjective,indirect,literal,lazy,Sarah,"Sarah goes to the gym regularly and Kevin became interested. Kevin promised to go to the gym, but didn't show up. Sarah teased Kevin that he was very lazy and invited him to go to gym together next time.",1,"Sarah goes to the gym regularly and Kevin became interested.*Kevin promised to go to the gym, but didn't show up.*Sarah teased Kevin that he was very*lazy*and invited him to go to gym together next time.","Sarah goes to the gym regularly and Kevin became interested.*Kevin promised to go to the gym, but didn't show up.*Sarah teased Kevin that*he was*very*lazy*and invited him*to go to gym together*next time.",6,XXX,2,0,
18,gym_ind_sarc,gym,3,gym3,exp,adjective,indirect,sarcastic,motivated,Sarah,"Sarah goes to the gym regularly and Kevin became interested. Kevin promised to go to the gym, but didn't show up. Sarah teased Kevin that he was very motivated and invited him to go to gym together next time.",1,"Sarah goes to the gym regularly and Kevin became interested.*Kevin promised to go to the gym, but didn't show up.*Sarah teased Kevin that he was very*motivated*and invited him to go to gym together next time.","Sarah goes to the gym regularly and Kevin became interested.*Kevin promised to go to the gym, but didn't show up.*Sarah teased Kevin that*he was*very*motivated*and invited him*to go to gym together*next time.",,XXX,2,0,
19,friend_dir_lit,friend,3,friend3,exp,adjective,direct,literal,antisocial,Betty,"Brian never went out with friends no matter how often they asked him out. One of Brian's friends, Betty, said: ""You are highly antisocial"" while trying to ask him out again.",1,"Brian never went out with friends*no matter how often they asked him out.*One of Brian's friends, Betty, said: ""You are highly*antisocial""*while trying to ask him out again.","Brian never went out with friends*no matter how often they asked him out.*One of Brian's friends, Betty, said:*""You are*highly*antisocial""*while trying to*ask him out*again.",6,XXX,2,0,
19,friend_dir_sarc,friend,4,friend4,exp,adjective,direct,sarcastic,sociable,Betty,"Brian never went out with friends no matter how often they asked him out. One of Brian's friends, Betty, said: ""You are highly sociable"" while trying to ask Brian out again.",1,"Brian never went out with friends*no matter how often they asked him out.*One of Brian's friends, Betty, said: ""You are highly*sociable""*while trying to ask Brian out again.","Brian never went out with friends*no matter how often they asked him out.*One of Brian's friends, Betty, said:*""You are*highly*sociable""*while trying to*ask Brian out*again.",6,XXX,2,0,
19,friend_ind_lit,friend,1,friend1,exp,adjective,indirect,literal,antisocial,Betty,"Brian never went out with friends no matter how often they asked him out. One of Brian's friends, Betty, said that Brian was highly antisocial while trying to ask Brian out again.",1,"Brian never went out with friends*no matter how often they asked him out.*One of Brian's friends, Betty, said that Brian was highly*antisocial*while trying to ask Brian out again.","Brian never went out with friends*no matter how often they asked him out.*One of Brian's friends, Betty, said that*Brian was*highly*antisocial*while trying to*ask Brian out*again.",6,XXX,2,0,
19,friend_ind_sarc,friend,2,friend2,exp,adjective,indirect,sarcastic,sociable,Betty,"Brian never went out with friends no matter how often they asked him out. One of Brian's friends, Betty, said that Brian was highly sociable while trying to ask Brian out again.",1,"Brian never went out with friends*no matter how often they asked him out.*One of Brian's friends, Betty, said that Brian was highly*sociable*while trying to ask Brian out again.","Brian never went out with friends*no matter how often they asked him out.*One of Brian's friends, Betty, said that*Brian was*highly*sociable*while trying to*ask Brian out*again.",6,XXX,2,0,
20,lecture_dir_lit,lecture,2,lecture2,exp,negation,direct,literal,unfocused,Emily,"Emily and Ronald had the same lecture together and Emily saw Ronald zoning out during the lecture. After the lecture, Emily met Ronald and said: ""You were really unfocused. This class is quite important.""",1,"Emily and Ronald had the same lecture together*and Emily saw Ronald zoning out during the lecture.*After the lecture, Emily met Ronald and said: ""You were really*unfocused.*This class is quite important.""","Emily and Ronald had the same lecture together*and Emily saw Ronald zoning out during the lecture.*After the lecture,*Emily met Ronald and said:*""You were*really*unfocused.*This class is*quite important.""",7,XXX,2,0,
20,lecture_dir_sarc,lecture,3,lecture3,exp,negation,direct,sarcastic,focused,Emily,"Emily and Ronald had the same lecture together and Emily saw Ronald zoning out during the lecture. After the lecture,  Emily met Ronald and said: ""You were really focused. This class is quite important.""",1,"Emily and Ronald had the same lecture together*and Emily saw Ronald zoning out during the lecture.*After the lecture,  Emily met Ronald and said: ""You were really*focused.*This class is quite important.""","Emily and Ronald had the same lecture together*and Emily saw Ronald zoning out during the lecture.*After the lecture,*Emily met Ronald and said:*""You were*really*focused.*This class is*quite important.""",7,XXX,2,0,
20,lecture_ind_lit,lecture,4,lecture4,exp,negation,indirect,literal,unfocused,Emily,"Emily and Ronald had the same lecture together and Emily saw Ronald zoning out during the lecture. After the lecture, Emily met Ronald and said that Ronald was really unfocused and the class was quite important.",1,"Emily and Ronald had the same lecture together*and Emily saw Ronald zoning out during the lecture.*After the lecture, Emily met Ronald and said that Ronald was really*unfocused*and the class was quite important.","Emily and Ronald had the same lecture together*and Emily saw Ronald zoning out during the lecture.*After the lecture,*Emily met Ronald and said that*Ronald was*really*unfocused*and the class was*quite important.",7,XXX,2,0,
20,lecture_ind_sarc,lecture,1,lecture1,exp,negation,indirect,sarcastic,focused,Emily,"Emily and Ronald had the same lecture together and Emily saw Ronald zoning out during the lecture. After the lecture, Emily met Ronald and said that Ronald was really focused and the class was quite important.",1,"Emily and Ronald had the same lecture together*and Emily saw Ronald zoning out during the lecture.*After the lecture, Emily met Ronald and said that Ronald was really*focused*and the class was quite important.","Emily and Ronald had the same lecture together*and Emily saw Ronald zoning out during the lecture.*After the lecture,*Emily met Ronald and said that*Ronald was*really*focused*and the class was*quite important.",7,XXX,2,0,
21,bathroom_dir_lit,bathroom,1,bathroom1,exp,adjective,direct,literal,dirty,Michelle,"Michelle and George shared a bathroom, but Michelle found the bathroom a mess again after George took a shower. Finally, Michelle told George: ""The bathroom is pretty dirty after your shower. Please clean it after you use it.""",1,"Michelle and George shared a bathroom,*but Michelle found the bathroom a mess again after George took a shower.*Finally, Michelle told George: ""The bathroom is pretty*dirty*after your shower. Please clean it after you use it.""","Michelle and George shared a bathroom,*but Michelle found the bathroom a mess again after George took a shower.*Finally, Michelle told George:*""The bathroom is*pretty*dirty*after your shower.*Please clean it*after you use it.""",6,XXX,2,0,
21,bathroom_dir_sarc,bathroom,2,bathroom2,exp,adjective,direct,sarcastic,clean,Michelle,"Michelle and George shared a bathroom, but Michelle found the bathroom a mess again after George took a shower. Finally, Michelle told George: ""The bathroom is pretty clean after your shower. Please clean it after you use it.""",1,"Michelle and George shared a bathroom,*but Michelle found the bathroom a mess again after George took a shower.*Finally, Michelle told George: ""The bathroom is pretty*clean*after your shower. Please clean it after you use it.""","Michelle and George shared a bathroom,*but Michelle found the bathroom a mess again after George took a shower.*Finally, Michelle told George:*""The bathroom is*pretty*clean*after your shower.*Please clean it*after you use it.""",6,XXX,2,0,
21,bathroom_ind_lit,bathroom,3,bathroom3,exp,adjective,indirect,literal,dirty,Michelle,"Michelle and George shared a bathroom, but Michelle found the bathroom a mess again after George took a shower. Finally, Michelle told George that the bathroom was pretty dirty after his shower and that he should clean it after he used it.",1,"Michelle and George shared a bathroom,*but Michelle found the bathroom a mess again after George took a shower.*Finally, Michelle told George that the bathroom was pretty*dirty*after his shower and that he should clean it after he used it.","Michelle and George shared a bathroom,*but Michelle found the bathroom a mess again after George took a shower.*Finally, Michelle told George that*the bathroom was*pretty*dirty*after his shower*and that he should clean it*after he used it.",6,XXX,2,0,
21,bathroom_ind_sarc,bathroom,4,bathroom4,exp,adjective,indirect,sarcastic,clean,Michelle,"Michelle and George shared a bathroom, but Michelle found the bathroom a mess again after George took a shower. Finally, Michelle told George that the bathroom was pretty clean after his shower and that he should clean it after he used it.",1,"Michelle and George shared a bathroom,*but Michelle found the bathroom a mess again after George took a shower.*Finally, Michelle told George that the bathroom was pretty*clean*after his shower and that he should clean it after he used it.","Michelle and George shared a bathroom,*but Michelle found the bathroom a mess again after George took a shower.*Finally, Michelle told George that*the bathroom was*pretty*clean*after his shower*and that he should clean it*after he used it.",6,XXX,2,0,
22,deadline_dir_lit,deadline,4,deadline4,exp,adjective,direct,literal,bad,Amanda,"Benjamin always procrastinated, and Amanda heard that he hadn't finished his work by the deadline once again. Amanda said to Benjamin: ""You are so bad at managing your work. You really should pay attention to that.""",1,"Benjamin always procrastinated,*and Amanda heard that he hadn't finished his work by the deadline once again.*Amanda said to Benjamin: ""You are so*bad*at managing your work. You really should pay attention to that.""","Benjamin always procrastinated,*and Amanda heard that he hadn't finished his work by the deadline once again.*Amanda said to Benjamin:*""You are*so*bad*at managing your work.*You really should*pay attention to that.""",6,XXX,2,0,
22,deadline_dir_sarc,deadline,1,deadline1,exp,adjective,direct,sarcastic,good,Amanda,"Benjamin always procrastinated, and Amanda heard that he hadn't finished his work by the deadline once again. Amanda said to Benjamin: ""You are so good at managing your work. You really should pay attention to that.""",1,"Benjamin always procrastinated,*and Amanda heard that he hadn't finished his work by the deadline once again.*Amanda said to Benjamin: ""You are so*good*at managing your work. You really should pay attention to that.""","Benjamin always procrastinated,*and Amanda heard that he hadn't finished his work by the deadline once again.*Amanda said to Benjamin:*""You are*so*good*at managing your work.*You really should*pay attention to that.""",6,XXX,2,0,
22,deadline_ind_lit,deadline,2,deadline2,exp,adjective,indirect,literal,bad,Amanda,"Benjamin always procrastinated, and Amanda heard that he hadn't finished his work by the deadline once again. Amanda said that Benjamin was so bad at managing his work and that he really should pay attention to that.",1,"Benjamin always procrastinated,*and Amanda heard that he hadn't finished his work by the deadline once again.*Amanda said that Benjamin was so*bad*at managing his work and that he really should pay attention to that.","Benjamin always procrastinated,*and Amanda heard that he hadn't finished his work by the deadline once again.*Amanda said that*Benjamin was*so*bad*at managing his work*and that he really should*pay attention to that.",6,XXX,2,0,
22,deadline_ind_sarc,deadline,3,deadline3,exp,adjective,indirect,sarcastic,good,Amanda,"Benjamin always procrastinated, and Amanda heard that he hadn't finished his work by the deadline once again. Amanda said that Benjamin was so good at managing his work and that he really should pay attention to that.",1,"Benjamin always procrastinated,*and Amanda heard that he hadn't finished his work by the deadline once again.*Amanda said that Benjamin was so*good*at managing his work and that he really should pay attention to that.","Benjamin always procrastinated,*and Amanda heard that he hadn't finished his work by the deadline once again.*Amanda said that*Benjamin was*so*good*at managing his work*and that he really should*pay attention to that.",6,XXX,2,0,
23,cook_dir_lit,cook,3,cook3,exp,adjective,direct,literal,terrible,Melissa,"Jason loved making cakes, but he knew the cake he made for Melissa was really awful. Melissa told Jason the next day: ""You are a really terrible cook. Edible cake was my only birthday wish.""",1,"Jason loved making cakes,*but he knew the cake he made for Melissa was really awful.*Melissa told Jason the next day: ""You are a really*terrible*cook. Edible cake was my only birthday wish.""","Jason loved making cakes,*but he knew the cake he made for Melissa was really awful.*Melissa told Jason the next day:*""You are a*really*terrible*cook.*Edible cake*was my only birthday wish.""",6,XXX,2,0,
23,cook_dir_sarc,cook,4,cook4,exp,adjective,direct,sarcastic,fantastic,Melissa,"Jason loved making cakes, but he knew the cake he made for Melissa was really awful. Melissa told Jason the next day: ""You are a really fantastic cook. Edible cake was my only birthday wish.""",1,"Jason loved making cakes,*but he knew the cake he made for Melissa was really awful.*Melissa told Jason the next day: ""You are a really*fantastic*cook. Edible cake was my only birthday wish.""","Jason loved making cakes,*but he knew the cake he made for Melissa was really awful.*Melissa told Jason the next day:*""You are a*really*fantastic*cook.*Edible cake*was my only birthday wish.""",6,XXX,2,0,
23,cook_ind_lit,cook,1,cook1,exp,adjective,indirect,literal,terrible,Melissa,"Jason loved making cakes, but he knew the cake he made for Melissa was really awful. Melissa told Jason the next day that he was a really terrible cook and that edible cake was her only birthday wish.",1,"Jason loved making cakes,*but he knew the cake he made for Melissa was really awful.*Melissa told Jason the next day that he was a really*terrible*cook and that edible cake was her only birthday wish.","Jason loved making cakes,*but he knew the cake he made for Melissa was really awful.*Melissa told Jason the next day that*he was a*really*terrible*cook*and that edible cake*was her only birthday wish.",6,XXX,2,0,
23,cook_ind_sarc,cook,2,cook2,exp,adjective,indirect,sarcastic,fantastic,Melissa,"Jason loved making cakes, but he knew the cake he made for Melissa was really awful. Melissa told Jason the next day that he was a really fantastic cook and that edible cake was her only birthday wish.",1,"Jason loved making cakes,*but he knew the cake he made for Melissa was really awful.*Melissa told Jason the next day that he was a really*fantastic*cook and that edible cake was her only birthday wish.","Jason loved making cakes,*but he knew the cake he made for Melissa was really awful.*Melissa told Jason the next day that*he was a*really*fantastic*cook*and that edible cake*was her only birthday wish.",6,XXX,2,0,
24,sofa_dir_lit,sofa,2,sofa2,exp,adjective,direct,literal,lazy,Stephanie,"Stephanie and Edward were flatmates and Stephanie saw Edward lying on the sofa all week long. Stephanie finally said: ""You are very lazy. You need to get some fresh air,"" trying to encourage Edward to go out.",1,"Stephanie and Edward were flatmates*and Stephanie saw Edward lying on the sofa all week long.*Stephanie finally said: ""You are very*lazy.*You need to get some fresh air,"" trying to encourage Edward to go out.","Stephanie and Edward were flatmates*and Stephanie saw Edward lying on the sofa all week long.*Stephanie finally said:*""You are*very*lazy.*You need to*get some fresh air,""*trying to encourage Edward*to go out.",6,XXX,2,0,
24,sofa_dir_sarc,sofa,3,sofa3,exp,adjective,direct,sarcastic,energetic,Stephanie,"Stephanie and Edward were flatmates and Stephanie saw Edward lying on the sofa all week long. Stephanie finally said: ""You are very energetic. You need to get some fresh air,"" trying to encourage Edward to go out.",1,"Stephanie and Edward were flatmates*and Stephanie saw Edward lying on the sofa all week long.*Stephanie finally said: ""You are very*energetic.*You need to get some fresh air,"" trying to encourage Edward to go out.","Stephanie and Edward were flatmates*and Stephanie saw Edward lying on the sofa all week long.*Stephanie finally said:*""You are*very*energetic.*You need to*get some fresh air,""*trying to encourage Edward*to go out.",6,XXX,2,0,
24,sofa_ind_lit,sofa,4,sofa4,exp,adjective,indirect,literal,lazy,Stephanie,"Stephanie and Edward were flatmates and Stephanie saw Edward lying on the sofa all week long. Stephanie finally said that Edward was very lazy and needed to get some fresh air, trying to encourage Edward to go out.",1,"Stephanie and Edward were flatmates*and Stephanie saw Edward lying on the sofa all week long.*Stephanie finally said that Edward was very*lazy*and needed to get some fresh air, trying to encourage Edward to go out.","Stephanie and Edward were flatmates*and Stephanie saw Edward lying on the sofa all week long.*Stephanie finally said that*Edward was*very*lazy*and needed to*get some fresh air,*trying to encourage Edward*to go out.",6,XXX,2,0,
24,sofa_ind_sarc,sofa,1,sofa1,exp,adjective,indirect,sarcastic,energetic,Stephanie,"Stephanie and Edward were flatmates and Stephanie saw Edward lying on the sofa all week long. Stephanie finally said that Edward was very energetic and needed to get some fresh air, trying to encourage Edward to go out.",1,"Stephanie and Edward were flatmates*and Stephanie saw Edward lying on the sofa all week long.*Stephanie finally said that Edward was very*energetic*and needed to get some fresh air, trying to encourage Edward to go out.","Stephanie and Edward were flatmates*and Stephanie saw Edward lying on the sofa all week long.*Stephanie finally said that*Edward was*very*energetic*and needed to*get some fresh air,*trying to encourage Edward*to go out.",6,XXX,2,0,
25,food_dir_lit,food,1,food1,exp,negation,direct,literal,unhealthy,Ryan,"Ryan and Sharon went out together and Ryan saw Sharon gorging on junk food all day. Ryan commented: ""You are living a very unhealthy life. You should take care of your body.""",1,"Ryan and Sharon went out together*and Ryan saw Sharon gorging on junk food all day.*Ryan commented: ""You are living a very*unhealthy*life. You should take care of your body.""","Ryan and Sharon went out together*and Ryan saw Sharon gorging on junk food all day.*Ryan commented:*""You are living a*very*unhealthy*life.*You should*take care of*your body.""",6,XXX,2,0,
25,food_dir_sarc,food,2,food2,exp,negation,direct,sarcastic,healthy,Ryan,"Ryan and Sharon went out together and Ryan saw Sharon gorging on junk food all day. Ryan commented: ""You are living a very healthy life. You should take care of your body.""",1,"Ryan and Sharon went out together*and Ryan saw Sharon gorging on junk food all day.*Ryan commented: ""You are living a very*healthy*life. You should take care of your body.""","Ryan and Sharon went out together*and Ryan saw Sharon gorging on junk food all day.*Ryan commented:*""You are living a*very*healthy*life.*You should*take care of*your body.""",6,XXX,2,0,
25,food_ind_lit,food,3,food3,exp,negation,indirect,literal,unhealthy,Ryan,"Ryan and Sharon went out together and Ryan saw Sharon gorging on junk food all day. Ryan commented that Sharon was living a very unhealthy life, and should take care of her body.",1,"Ryan and Sharon went out together*and Ryan saw Sharon gorging on junk food all day.*Ryan commented that Sharon was living a very*unhealthy*life, and should take care of her body.","Ryan and Sharon went out together*and Ryan saw Sharon gorging on junk food all day.*Ryan commented that*Sharon was living a*very*unhealthy*life,*and should*take care of*her body.",6,XXX,2,0,
25,food_ind_sarc,food,4,food4,exp,negation,indirect,sarcastic,healthy,Ryan,"Ryan and Sharon went out together and Ryan saw Sharon gorging on junk food all day. Ryan commented that Sharon was living a very healthy life, and should take care of her body.",1,"Ryan and Sharon went out together*and Ryan saw Sharon gorging on junk food all day.*Ryan commented that Sharon was living a very*healthy*life, and should take care of her body.","Ryan and Sharon went out together*and Ryan saw Sharon gorging on junk food all day.*Ryan commented that*Sharon was living a*very*healthy*life*,*and should*take care of*her body.",6,XXX,2,0,
26,speech_dir_lit,speech,4,speech4,exp,adjective,direct,literal,a boring,Jacob,"Laura was asked to make a speech in class and everyone found her speech tedious. Jacob told Laura after class: ""What a boring speech. You should really practice your public speaking skills.""",0,"Laura was asked to make a speech in class*and everyone found her speech tedious.*Jacob told Laura after class: ""What*a boring*speech. You should really practice your public speaking skills.""","Laura was asked to make a speech in class*and everyone found her speech tedious.*Jacob told Laura after class:*""What*a boring*speech.*You should really*practice your public speaking skills.""",5,XXX,2,0,
26,speech_dir_sarc,speech,1,speech1,exp,adjective,direct,sarcastic,an engaging,Jacob,"Laura was asked to make a speech in class and everyone found her speech tedious. Jacob told Laura after class: ""What an engaging speech. You should really practice your public speaking skills.""",0,"Laura was asked to make a speech in class*and everyone found her speech tedious.*Jacob told Laura after class: ""What*an engaging*speech. You should really practice your public speaking skills.""","Laura was asked to make a speech in class*and everyone found her speech tedious.*Jacob told Laura after class:*""What*an engaging*speech.*You should really*practice your public speaking skills.""",5,XXX,2,0,
26,speech_ind_lit,speech,2,speech2,exp,adjective,indirect,literal,a boring,Jacob,Laura was asked to make a speech in class and everyone found her speech tedious. Jacob told Laura after class that it was a boring speech and she should really practice her public speaking skills.,0,Laura was asked to make a speech in class*and everyone found her speech tedious.*Jacob told Laura after class that it was*a boring*speech and she should really practice her public speaking skills.,Laura was asked to make a speech in class*and everyone found her speech tedious.*Jacob told Laura after class that*it was*a boring*speech*and she should really*practice her public speaking skills.,5,XXX,2,0,
26,speech_ind_sarc,speech,3,speech3,exp,adjective,indirect,sarcastic,an engaging,Jacob,Laura was asked to make a speech in class and everyone found her speech tedious. Jacob told Laura after class that it was an engaging speech and she should really practice her public speaking skills.,0,Laura was asked to make a speech in class*and everyone found her speech tedious.*Jacob told Laura after class that it was*an engaging*speech and she should really practice her public speaking skills.,Laura was asked to make a speech in class*and everyone found her speech tedious.*Jacob told Laura after class that*it was*an engaging*speech*and she should really*practice her public speaking skills.,5,XXX,2,0,
27,boots_dir_lit,boots,3,boots3,exp,adjective,direct,literal,ugly,Nicholas,"Dorothy had bad fashion sense. Last week, Nicholas found Dorothy wearing ugly shoes as usual and said: ""Your shoes are really ugly. You sould buy some nice clothes.""",1,"Dorothy had bad fashion sense.*Last week, Nicholas found Dorothy wearing ugly shoes as usual*and said: ""Your shoes are really*ugly.*You sould buy some nice clothes.""","Dorothy had bad fashion sense.*Last week, Nicholas found Dorothy wearing ugly shoes as usual*and said:*""Your shoes are*really*ugly.*You sould*buy some nice clothes.""",6,XXX,2,0,
27,boots_dir_sarc,boots,4,boots4,exp,adjective,direct,sarcastic,lovely,Nicholas,"Dorothy had bad fashion sense. Last week, Nicholas found Dorothy wearing ugly shoes as usual and said: ""Your shoes are really lovely. You sould buy some nice clothes.""",1,"Dorothy had bad fashion sense.*Last week, Nicholas found Dorothy wearing ugly shoes as usual*and said: ""Your shoes are really*lovely.*You sould buy some nice clothes.""","Dorothy had bad fashion sense.*Last week, Nicholas found Dorothy wearing ugly shoes as usual*and said:*""Your shoes are*really*lovely.*You sould*buy some nice clothes.""",6,XXX,2,0,
27,boots_ind_lit,boots,1,boots1,exp,adjective,indirect,literal,ugly,Nicholas,"Dorothy had bad fashion sense. Last week, Nicholas found Dorothy wearing ugly shoes as usual and said that her shoes were really ugly and she should buy some nice clothes.",1,"Dorothy had bad fashion sense.*Last week, Nicholas found Dorothy wearing ugly shoes as usual*and said that her shoes were really*ugly*and she should buy some nice clothes.","Dorothy had bad fashion sense.*Last week, Nicholas found Dorothy wearing ugly shoes as usual*and said that*her shoes were*really*ugly*and she should*buy some nice clothes.",6,XXX,2,0,
27,boots_ind_sarc,boots,2,boots2,exp,adjective,indirect,sarcastic,lovely,Nicholas,"Dorothy had bad fashion sense. Last week, Nicholas found Dorothy wearing ugly shoes as usual and said that her shoes were really lovely and she should buy some nice clothes.",1,"Dorothy had bad fashion sense.*Last week, Nicholas found Dorothy wearing ugly shoes as usual*and said that her shoes were really*lovely*and she should buy some nice clothes.","Dorothy had bad fashion sense.*Last week, Nicholas found Dorothy wearing ugly shoes as usual*and said that*her shoes were*really*lovely*and she should*buy some nice clothes.",6,XXX,2,0,
28,beggar_dir_lit,beggar,2,beggar2,exp,adjective,direct,literal,indifferent,Angela,"Angela and Eric were walking in a park. Angela saw Eric walk past a beggar in the park without giving him any money, so Angela said: ""You are surprisingly indifferent,"" and went back to leave some coins for the beggar.",1,"Angela and Eric were walking in a park.*Angela saw Eric walk past a beggar in the park without giving him any money,*so Angela said: ""You are surprisingly*indifferent,""*and went back to leave some coins for the beggar.","Angela and Eric were walking in a park.*Angela saw Eric walk past a beggar in the park without giving him any money,*so Angela said:*""You are*surprisingly*indifferent,""*and went back*to leave some coins*for the beggar.",6,XXX,2,0,
28,beggar_dir_sarc,beggar,3,beggar3,exp,adjective,direct,sarcastic,generous,Angela,"Angela and Eric were walking in a park. Angela saw Eric walk past a beggar in the park without giving him any money, so Angela said: ""You are surprisingly generous,"" and went back to leave some coins for the beggar.",1,"Angela and Eric were walking in a park.*Angela saw Eric walk past a beggar in the park without giving him any money,*so Angela said: ""You are surprisingly*generous,""*and went back to leave some coins for the beggar.","Angela and Eric were walking in a park.*Angela saw Eric walk past a beggar in the park without giving him any money,*so Angela said:*""You are*surprisingly*generous,""*and went back*to leave some coins*for the beggar.",6,XXX,2,0,
28,beggar_ind_lit,beggar,4,beggar4,exp,adjective,indirect,literal,indifferent,Angela,"Angela and Eric were walking in a park. Angela saw Eric walk past a beggar in the park without giving him any money, so Angela said that Eric was surprisingly indifferent, and went back to leave some coins for the beggar.",1,"Angela and Eric were walking in a park.*Angela saw Eric walk past a beggar in the park without giving him any money,*so Angela said that Eric was surprisingly*indifferent,*and went back to leave some coins for the beggar.","Angela and Eric were walking in a park.*Angela saw Eric walk past a beggar in the park without giving him any money,*so Angela said that*Eric was*surprisingly*indifferent,*and went back*to leave some coins*for the beggar.",6,XXX,2,0,
28,beggar_ind_sarc,beggar,1,beggar1,exp,adjective,indirect,sarcastic,generous,Angela,"Angela and Eric were walking in a park. Angela saw Eric walk past a beggar in the park without giving him any money, so Angela said that Eric was surprisingly generous, and went back to leave some coins for the beggar.",1,"Angela and Eric were walking in a park.*Angela saw Eric walk past a beggar in the park without giving him any money,*so Angela said that Eric was surprisingly*generous,*and went back to leave some coins for the beggar.","Angela and Eric were walking in a park.*Angela saw Eric walk past a beggar in the park without giving him any money,*so Angela said that*Eric was*surprisingly*generous,*and went back*to leave some coins*for the beggar.",6,XXX,2,0,
29,lifting_dir_lit,lifting,1,lifting1,exp,adjective,direct,literal,weak,Shirley,"Shirley and Jonathan went to the gym together. Shirley found that Jonathan had some difficulty lifting the lightest weights. After the gym, Shirley told Jonathan: ""You are incredibly weak. You need more practice.""",1,"Shirley and Jonathan went to the gym together.*Shirley found that Jonathan had some difficulty lifting the lightest weights.*After the gym, Shirley told Jonathan: ""You are incredibly*weak.*You need more practice.""","Shirley and Jonathan went to the gym together.*Shirley found that Jonathan had some difficulty lifting the lightest weights.*After the gym,*Shirley told Jonathan:*""You are*incredibly*weak.*You need*more practice.""",7,XXX,2,0,
29,lifting_dir_sarc,lifting,2,lifting2,exp,adjective,direct,sarcastic,strong,Shirley,"Shirley and Jonathan went to the gym together. Shirley found that Jonathan had some difficulty lifting the lightest weights. After the gym, Shirley told Jonathan: ""You are incredibly strong. You need more practice.""",1,"Shirley and Jonathan went to the gym together.*Shirley found that Jonathan had some difficulty lifting the lightest weights.*After the gym, Shirley told Jonathan: ""You are incredibly*strong.*You need more practice.""","Shirley and Jonathan went to the gym together.*Shirley found that Jonathan had some difficulty lifting the lightest weights.*After the gym,*Shirley told Jonathan:*""You are*incredibly*strong.*You need*more practice.""",7,XXX,2,0,
29,lifting_ind_lit,lifting,3,lifting3,exp,adjective,indirect,literal,weak,Shirley,"Shirley and Jonathan went to the gym together. Shirley found that Jonathan had some difficulty lifting the lightest weights. After the gym, Shirley told Jonathan that he was incredibly weak and needed more practice.",1,"Shirley and Jonathan went to the gym together.*Shirley found that Jonathan had some difficulty lifting the lightest weights.*After the gym, Shirley told Jonathan that he was incredibly*weak*and needed more practice.","Shirley and Jonathan went to the gym together.*Shirley found that Jonathan had some difficulty lifting the lightest weights.*After the gym,*Shirley told Jonathan that*he was*incredibly*weak*and needed*more practice.",7,XXX,2,0,
29,lifting_ind_sarc,lifting,4,lifting4,exp,adjective,indirect,sarcastic,strong,Shirley,"Shirley and Jonathan went to the gym together. Shirley found that Jonathan had some difficulty lifting the lightest weights. After the gym, Shirley told Jonathan that he was incredibly strong and needed more practice.",1,"Shirley and Jonathan went to the gym together.*Shirley found that Jonathan had some difficulty lifting the lightest weights.*After the gym, Shirley told Jonathan that he was incredibly*strong*and needed more practice.","Shirley and Jonathan went to the gym together.*Shirley found that Jonathan had some difficulty lifting the lightest weights.*After the gym,*Shirley told Jonathan that*he was*incredibly*strong*and needed*more practice.",7,XXX,2,0,
30,gift_dir_lit,gift,4,gift4,exp,adjective,direct,literal,selfish,Emma,"Emma and Stephen were gifted with a very expensive cake, but when Emma came home, she found Stephen had eaten all the cake. Emma said: ""It's pretty selfish of you not to leave any cake.""",1,"Emma and Stephen were gifted with a very expensive cake,*but when Emma came home, she found Stephen had eaten all the cake.*Emma said: ""It's pretty*selfish*of you not to leave any cake.""","Emma and Stephen were gifted with a very expensive cake,*but when Emma came home, she found Stephen had eaten all the cake.*Emma said:*""It's*pretty*selfish*of you not to*leave any cake.""",6,XXX,2,0,
30,gift_dir_sarc,gift,1,gift1,exp,adjective,direct,sarcastic,selfless,Emma,"Emma and Stephen was gifted with a very expensive cake, but when Emma came home, she found Stephen had eaten all the cake. Emma said: ""It's pretty selfless of you not to leave any cake.""",1,"Emma and Stephen was gifted with a very expensive cake,*but when Emma came home, she found Stephen had eaten all the cake.*Emma said: ""It's pretty*selfless*of you not to leave any cake.""","Emma and Stephen was gifted with a very expensive cake,*but when Emma came home, she found Stephen had eaten all the cake.*Emma said:*""It's*pretty*selfless*of you not to*leave any cake.""",6,XXX,2,0,
30,gift_ind_lit,gift,2,gift2,exp,adjective,indirect,literal,selfish,Emma,"Emma and Stephen were gifted with a very expensive cake, but when Emma came home, she found Stephen had eaten all the cake. Emma said that it was pretty selfish of Stephen not to leave any cake.",1,"Emma and Stephen were gifted with a very expensive cake,*but when Emma came home, she found Stephen had eaten all the cake.*Emma said that it was pretty*selfish*of Stephen not to leave any cake.","Emma and Stephen were gifted with a very expensive cake,*but when Emma came home, she found Stephen had eaten all the cake.*Emma said that*it was*pretty*selfish*of Stephen not to*leave any cake.",6,XXX,2,0,
30,gift_ind_sarc,gift,3,gift3,exp,adjective,indirect,sarcastic,selfless,Emma,"Emma and Stephen were gifted with a very expensive cake, but when Emma came home, she found Stephen had eaten all the cake. Emma said that it was pretty selfless of Stephen not to leave any cake.",1,"Emma and Stephen were gifted with a very expensive cake,*but when Emma came home, she found Stephen had eaten all the cake.*Emma said that it was pretty*selfless*of Stephen not to leave any cake.","Emma and Stephen were gifted with a very expensive cake,*but when Emma came home, she found Stephen had eaten all the cake.*Emma said that*it was*pretty*selfless*of Stephen not to*leave any cake.",6,XXX,2,0,
31,memory_dir_lit,memory,3,memory3,exp,adjective,direct,literal,bad,Brenda,"Justin forgets things regularly. This time, Justin forgot to bring his student card to the exam. Brenda commented: ""Your memory is too bad to remember anything.""",1,"Justin forgets things regularly.*This time, Justin forgot to bring his student card to the exam.*Brenda commented: ""Your memory is too*bad*to remember anything.""","Justin forgets things regularly.*This time, Justin forgot to bring his student card to the exam.*Brenda commented:*""Your memory is*too*bad*to remember*anything.""",6,XXX,2,0,
31,memory_dir_sarc,memory,4,memory4,exp,adjective,direct,sarcastic,good,Brenda,"Justin forgets things regularly. This time, Justin forgot to bring his student card to the exam. Brenda commented: ""Your memory is too good to remember anything.""",1,"Justin forgets things regularly.*This time, Justin forgot to bring his student card to the exam.*Brenda commented: ""Your memory is too*good*to remember anything.""","Justin forgets things regularly.*This time, Justin forgot to bring his student card to the exam.*Brenda commented:*""Your memory is*too*good*to remember*anything.""",6,XXX,2,0,
31,memory_ind_lit,memory,1,memory1,exp,adjective,indirect,literal,bad,Brenda,"Justin forgets things regularly. This time, Justin forgot to bring his student card to the exam. Brenda commented that Justin's memory was too bad to remember anything.",1,"Justin forgets things regularly.*This time, Justin forgot to bring his student card to the exam.*Brenda commented that Justin's memory was too*bad*to remember anything.","Justin forgets things regularly.*This time, Justin forgot to bring his student card to the exam.*Brenda commented that*Justin's memory was*too*bad*to remember*anything.",6,XXX,2,0,
31,memory_ind_sarc,memory,2,memory2,exp,adjective,indirect,sarcastic,good,Brenda,"Justin forgets things regularly. This time, Justin forgot to bring his student card to the exam. Brenda commented that Justin's memory was too good to remember anything.",1,"Justin forgets things regularly.*This time, Justin forgot to bring his student card to the exam.*Brenda commented that Justin's memory was too*good*to remember anything.","Justin forgets things regularly.*This time, Justin forgot to bring his student card to the exam.*Brenda commented that*Justin's memory was*too*good*to remember*anything.",6,XXX,2,0,
32,guide_dir_lit,guide,2,guide2,exp,adjective,direct,literal,terrible,Nicole,"Nicole and Scott were travelling together. Scott took the responsibility of leading the way, but directed Nicole onto several wrong tracks. Nicole told Scott later: ""You are a terrible guide. I won't let you lead the way any more.""",0,"Nicole and Scott were travelling together.*Scott took the responsibility of leading the way, but directed Nicole onto several wrong tracks.*Nicole told Scott later: ""You are a*terrible*guide. I won't let you lead the way any more.""","Nicole and Scott were travelling together.*Scott took the responsibility of leading the way, but directed Nicole onto several wrong tracks.*Nicole told Scott later:*""You are a*terrible*guide.*I won't let you*lead the way*any more.""",5,XXX,2,0,
32,guide_dir_sarc,guide,3,guide3,exp,adjective,direct,sarcastic,fantastic,Nicole,"Nicole and Scott were travelling together. Scott took the responsibility of leading the way, but directed Nicole onto several wrong tracks. Nicole told Scott later: ""You are a fantastic guide. I won't let you lead the way any more.""",0,"Nicole and Scott were travelling together.*Scott took the responsibility of leading the way, but directed Nicole onto several wrong tracks.*Nicole told Scott later: ""You are a*fantastic*guide. I won't let you lead the way any more.""","Nicole and Scott were travelling together.*Scott took the responsibility of leading the way, but directed Nicole onto several wrong tracks.*Nicole told Scott later:*""You are a*fantastic*guide.*I won't let you*lead the way*any more.""",5,XXX,2,0,
32,guide_ind_lit,guide,4,guide4,exp,adjective,indirect,literal,terrible,Nicole,"Nicole and Scott were travelling together. Scott took the responsibility of leading the way, but directed Nicole onto several wrong tracks. Nicole told Scott later that he was a terrible guide and she wouldn't let him lead the way any more.",0,"Nicole and Scott were travelling together.*Scott took the responsibility of leading the way, but directed Nicole onto several wrong tracks.*Nicole told Scott later that he was a*terrible*guide and she wouldn't let him lead the way any more.","Nicole and Scott were travelling together.*Scott took the responsibility of leading the way, but directed Nicole onto several wrong tracks.*Nicole told Scott later that*he was a*terrible*guide*and she wouldn't let him*lead the way*any more.",5,XXX,2,0,
32,guide_ind_sarc,guide,1,guide1,exp,adjective,indirect,sarcastic,fantastic,Nicole,"Nicole and Scott were travelling together. Scott took the responsibility of leading the way, but directed Nicole onto several wrong tracks. Nicole told Scott later that he was a fantastic guide and she wouldn't let him lead the way any more.",0,"Nicole and Scott were travelling together.*Scott took the responsibility of leading the way, but directed Nicole onto several wrong tracks.*Nicole told Scott later that he was a*fantastic*guide and she wouldn't let him lead the way any more.","Nicole and Scott were travelling together.*Scott took the responsibility of leading the way, but directed Nicole onto several wrong tracks.*Nicole told Scott later that*he was a*fantastic*guide*and she wouldn't let him*lead the way*any more.",5,XXX,2,0,